order_id,customer_id,product_id,order_date,quantity,revenue,discount
1,117,4,2025-03-27,1,33.25,0.05
2,61,29,2025-01-28,1,61.13,0.05
3,86,17,2025-01-17,1,202.99,0.0
4,198,2,2025-03-06,1,58.62,0.0
5,2,22,2025-04-22,1,50.55,0.1
6,98,16,2025-05-05,3,328.77,0.0
7,294,28,2025-02-28,1,186.38,0.2
8,243,17,2025-02-01,2,405.98,0.0
9,68,14,2025-08-02,2,94.54,0.1
10,116,28,2025-09-27,1,198.03,0.15
11,168,26,2025-01-26,1,91.37,0.0
12,248,30,2025-02-13,1,29.74,0.0
13,227,6,2025-06-16,2,277.08,0.05
14,178,11,2025-07-16,1,75.91,0.0
15,268,10,2025-01-08,2,78.44,0.1
16,164,5,2025-03-26,1,158.24,0.0
17,238,8,2025-07-29,1,92.77,0.0
18,268,2,2025-09-20,1,58.62,0.0
19,283,18,2025-02-09,3,583.08,0.0
20,129,23,2025-01-08,2,325.64,0.1
21,176,11,2025-04-11,2,136.64,0.1
22,246,19,2025-02-01,1,143.33,0.1
23,16,1,2025-03-04,2,132.24,0.2
24,21,30,2025-09-26,1,29.74,0.0
25,102,26,2025-08-11,1,91.37,0.0
26,283,5,2025-01-25,1,150.33,0.05
27,281,20,2025-06-03,3,393.93,0.0
28,227,29,2025-09-22,2,109.39,0.15
29,134,19,2025-03-01,2,254.8,0.2
30,213,24,2025-08-14,3,178.5,0.1
31,286,26,2025-06-05,1,91.37,0.0
32,163,20,2025-02-03,1,118.18,0.1
33,75,25,2025-06-25,3,263.87,0.1
34,108,11,2025-07-31,2,136.64,0.1
35,66,3,2025-09-05,2,375.14,0.1
36,201,20,2025-05-04,1,111.61,0.15
37,128,3,2025-01-04,1,197.99,0.05
38,294,15,2025-07-10,2,429.32,0.0
39,117,21,2025-05-22,2,400.52,0.15
40,39,9,2025-09-09,2,324.61,0.15
41,115,1,2025-05-14,1,82.65,0.0
42,91,2,2025-02-15,3,175.86,0.0
43,190,3,2025-05-27,3,562.71,0.1
44,84,17,2025-09-27,1,162.39,0.2
45,150,16,2025-03-24,3,279.45,0.15
46,275,9,2025-06-22,3,515.56,0.1
47,251,28,2025-05-01,2,442.66,0.05
48,120,6,2025-06-13,1,145.83,0.0
49,161,24,2025-03-30,3,188.41,0.05
50,227,9,2025-08-10,1,190.95,0.0
51,68,28,2025-09-21,1,209.68,0.1
52,110,22,2025-04-30,2,95.49,0.15
53,158,12,2025-02-04,1,145.98,0.2
54,50,21,2025-09-12,2,471.2,0.0
55,276,5,2025-06-21,1,142.42,0.1
56,201,29,2025-02-04,1,64.35,0.0
57,65,8,2025-03-17,3,250.48,0.1
58,147,26,2025-04-03,3,260.4,0.05
59,38,20,2025-06-06,1,131.31,0.0
60,28,4,2025-03-17,2,56.0,0.2
61,194,24,2025-06-11,1,59.5,0.1
62,257,8,2025-03-28,3,278.31,0.0
63,153,18,2025-03-02,2,369.28,0.05
64,283,8,2025-04-03,2,176.26,0.05
65,142,3,2025-08-25,2,416.82,0.0
66,141,29,2025-02-18,3,193.05,0.0
67,136,11,2025-03-31,2,151.82,0.0
68,192,30,2025-04-16,1,29.74,0.0
69,233,9,2025-02-06,1,181.4,0.05
70,277,19,2025-02-28,1,159.25,0.0
71,192,11,2025-05-27,1,75.91,0.0
72,46,13,2025-01-01,2,257.2,0.1
73,72,8,2025-04-19,2,166.99,0.1
74,90,7,2025-09-07,2,198.74,0.0
75,174,23,2025-06-07,2,325.64,0.1
76,177,15,2025-05-26,1,193.19,0.1
77,161,4,2025-03-23,2,70.0,0.0
78,84,17,2025-08-13,2,405.98,0.0
79,143,9,2025-09-15,2,343.71,0.1
80,266,14,2025-07-29,1,44.64,0.15
81,39,28,2025-09-16,2,442.66,0.05
82,117,2,2025-04-03,3,158.27,0.1
83,296,2,2025-03-22,1,58.62,0.0
84,235,1,2025-08-01,3,235.55,0.05
85,223,25,2025-04-17,1,97.73,0.0
86,73,21,2025-05-02,3,706.8,0.0
87,288,3,2025-07-14,2,395.98,0.05
88,41,23,2025-03-16,1,180.91,0.0
89,118,4,2025-06-16,1,35.0,0.0
90,7,4,2025-02-25,1,35.0,0.0
91,148,19,2025-06-06,1,151.29,0.05
92,126,11,2025-03-05,2,144.23,0.05
93,176,20,2025-07-23,3,374.23,0.05
94,113,13,2025-03-08,1,142.89,0.0
95,154,27,2025-08-22,1,228.61,0.0
96,125,15,2025-09-02,3,643.98,0.0
97,122,29,2025-02-06,1,64.35,0.0
98,35,23,2025-05-14,2,289.46,0.2
99,201,17,2025-03-18,1,162.39,0.2
100,109,16,2025-03-09,2,219.18,0.0
101,162,13,2025-02-11,1,142.89,0.0
102,51,26,2025-01-21,2,155.33,0.15
103,92,24,2025-05-05,1,66.11,0.0
104,139,4,2025-04-09,2,70.0,0.0
105,214,25,2025-06-01,1,92.84,0.05
106,8,28,2025-01-05,1,209.68,0.1
107,147,27,2025-04-27,1,205.75,0.1
108,173,15,2025-05-20,3,643.98,0.0
109,5,17,2025-07-03,2,385.68,0.05
110,12,6,2025-01-17,1,138.54,0.05
111,108,12,2025-03-11,1,173.36,0.05
112,75,1,2025-08-04,1,78.52,0.05
113,249,19,2025-08-30,1,135.36,0.15
114,219,18,2025-04-02,1,184.64,0.05
115,239,4,2025-06-12,1,35.0,0.0
116,225,8,2025-05-27,3,278.31,0.0
117,13,15,2025-07-08,1,203.93,0.05
118,214,11,2025-02-23,1,75.91,0.0
119,126,21,2025-07-23,1,235.6,0.0
120,35,24,2025-02-26,3,198.33,0.0
121,19,18,2025-09-21,1,174.92,0.1
122,30,7,2025-03-08,1,99.37,0.0
123,37,1,2025-02-06,2,148.77,0.1
124,188,9,2025-05-07,1,162.31,0.15
125,194,8,2025-01-23,1,83.49,0.1
126,260,30,2025-03-16,1,28.25,0.05
127,188,13,2025-06-22,1,142.89,0.0
128,83,27,2025-01-16,1,228.61,0.0
129,162,10,2025-05-24,3,130.74,0.0
130,13,24,2025-04-21,2,112.39,0.15
131,215,14,2025-04-30,3,157.56,0.0
132,118,29,2025-08-19,2,109.39,0.15
133,233,30,2025-09-26,2,59.48,0.0
134,275,25,2025-08-02,1,87.96,0.1
135,32,30,2025-03-15,1,26.77,0.1
136,54,20,2025-05-28,1,131.31,0.0
137,53,24,2025-01-22,3,188.41,0.05
138,205,27,2025-09-21,1,228.61,0.0
139,290,18,2025-09-05,1,174.92,0.1
140,204,17,2025-03-20,1,202.99,0.0
141,154,18,2025-04-06,3,524.77,0.1
142,88,18,2025-09-21,1,194.36,0.0
143,157,28,2025-05-19,1,232.98,0.0
144,147,9,2025-06-11,2,362.8,0.05
145,141,19,2025-06-26,3,477.75,0.0
146,179,5,2025-07-05,1,150.33,0.05
147,217,24,2025-06-24,2,119.0,0.1
148,13,5,2025-01-24,2,316.48,0.0
149,281,30,2025-07-20,2,56.51,0.05
150,211,12,2025-04-11,3,437.95,0.2
151,28,9,2025-05-26,3,515.56,0.1
152,13,18,2025-08-17,2,388.72,0.0
153,16,9,2025-06-15,1,171.85,0.1
154,100,13,2025-06-22,2,285.78,0.0
155,216,8,2025-09-20,2,166.99,0.1
156,28,6,2025-05-29,2,262.49,0.1
157,65,4,2025-01-21,2,70.0,0.0
158,13,25,2025-02-18,3,263.87,0.1
159,53,12,2025-02-22,1,182.48,0.0
160,165,6,2025-09-15,3,393.74,0.1
161,138,3,2025-04-21,3,593.97,0.05
162,182,20,2025-01-24,2,249.49,0.05
163,228,26,2025-07-07,1,82.23,0.1
164,119,28,2025-06-24,1,221.33,0.05
165,186,12,2025-06-30,1,164.23,0.1
166,222,9,2025-06-11,2,381.9,0.0
167,224,21,2025-06-02,1,212.04,0.1
168,7,20,2025-05-06,2,262.62,0.0
169,43,21,2025-05-15,2,400.52,0.15
170,160,11,2025-09-21,1,72.11,0.05
171,45,22,2025-02-28,2,95.49,0.15
172,157,2,2025-08-14,2,111.38,0.05
173,124,23,2025-08-06,2,289.46,0.2
174,119,5,2025-04-06,2,300.66,0.05
175,143,28,2025-08-21,1,232.98,0.0
176,199,10,2025-01-26,1,39.22,0.1
177,267,13,2025-06-30,2,285.78,0.0
178,49,15,2025-02-21,3,643.98,0.0
179,188,25,2025-02-16,1,87.96,0.1
180,282,17,2025-01-05,2,385.68,0.05
181,248,22,2025-06-10,1,56.17,0.0
182,226,15,2025-08-12,2,364.92,0.15
183,46,5,2025-03-03,3,427.25,0.1
184,78,10,2025-08-11,3,124.2,0.05
185,6,29,2025-01-08,2,109.39,0.15
186,108,1,2025-07-28,1,74.39,0.1
187,11,28,2025-03-11,1,232.98,0.0
188,252,16,2025-07-03,1,87.67,0.2
189,139,5,2025-03-30,1,150.33,0.05
190,154,6,2025-09-17,2,262.49,0.1
191,59,29,2025-04-17,1,61.13,0.05
192,247,8,2025-05-21,1,88.13,0.05
193,94,1,2025-02-08,1,82.65,0.0
194,88,18,2025-04-03,3,553.93,0.05
195,74,4,2025-04-11,2,59.5,0.15
196,255,11,2025-08-04,1,75.91,0.0
197,55,8,2025-04-01,3,278.31,0.0
198,141,13,2025-01-10,2,285.78,0.0
199,248,23,2025-06-04,1,144.73,0.2
200,160,25,2025-04-03,1,92.84,0.05
201,117,30,2025-06-12,1,23.79,0.2
202,91,26,2025-07-25,1,82.23,0.1
203,116,29,2025-06-30,1,64.35,0.0
204,114,1,2025-02-27,1,70.25,0.15
205,116,23,2025-09-23,1,180.91,0.0
206,105,5,2025-07-12,1,158.24,0.0
207,237,9,2025-08-09,2,362.8,0.05
208,139,24,2025-05-29,1,66.11,0.0
209,109,28,2025-07-18,1,198.03,0.15
210,132,23,2025-03-25,1,180.91,0.0
211,221,8,2025-02-10,1,88.13,0.05
212,46,28,2025-07-14,1,198.03,0.15
213,189,4,2025-01-24,1,31.5,0.1
214,290,25,2025-06-30,2,195.46,0.0
215,69,30,2025-06-30,3,84.76,0.05
216,249,28,2025-02-23,3,698.94,0.0
217,138,8,2025-04-13,3,278.31,0.0
218,212,3,2025-06-28,3,562.71,0.1
219,38,19,2025-08-27,1,135.36,0.15
220,30,30,2025-01-25,1,29.74,0.0
221,185,30,2025-02-16,3,89.22,0.0
222,16,24,2025-01-22,2,125.61,0.05
223,241,16,2025-02-28,1,98.63,0.1
224,162,30,2025-01-09,1,23.79,0.2
225,10,22,2025-02-17,2,106.72,0.05
226,123,21,2025-04-12,1,223.82,0.05
227,217,19,2025-03-22,1,159.25,0.0
228,194,8,2025-04-06,1,83.49,0.1
229,167,29,2025-05-06,1,64.35,0.0
230,251,9,2025-03-14,2,381.9,0.0
231,245,3,2025-03-04,1,187.57,0.1
232,175,13,2025-07-02,1,142.89,0.0
233,271,4,2025-02-01,2,70.0,0.0
234,43,20,2025-03-19,1,124.74,0.05
235,162,29,2025-09-04,2,122.26,0.05
236,168,19,2025-07-12,2,286.65,0.1
237,13,16,2025-05-27,2,219.18,0.0
238,43,10,2025-03-30,2,78.44,0.1
239,151,2,2025-01-22,1,55.69,0.05
240,7,14,2025-04-24,1,49.89,0.05
241,124,1,2025-04-23,2,165.3,0.0
242,283,12,2025-04-07,2,328.46,0.1
243,69,22,2025-02-28,1,56.17,0.0
244,19,22,2025-07-16,1,56.17,0.0
245,47,7,2025-05-21,2,178.87,0.1
246,79,23,2025-01-14,1,162.82,0.1
247,248,20,2025-01-29,1,111.61,0.15
248,57,8,2025-08-06,3,264.39,0.05
249,17,2,2025-01-06,1,58.62,0.0
250,169,5,2025-03-23,1,150.33,0.05
251,219,17,2025-07-23,1,192.84,0.05
252,98,25,2025-07-27,1,97.73,0.0
253,74,6,2025-01-22,1,138.54,0.05
254,295,27,2025-06-06,3,685.83,0.0
255,41,22,2025-05-28,2,106.72,0.05
256,290,22,2025-05-14,1,50.55,0.1
257,48,6,2025-08-21,1,145.83,0.0
258,258,29,2025-03-06,1,64.35,0.0
259,266,21,2025-03-20,1,212.04,0.1
260,48,21,2025-09-05,3,671.46,0.05
261,25,13,2025-03-09,1,135.75,0.05
262,83,1,2025-05-18,2,148.77,0.1
263,46,10,2025-09-19,3,130.74,0.0
264,283,22,2025-06-27,1,47.74,0.15
265,127,25,2025-05-12,2,185.69,0.05
266,248,28,2025-02-12,1,209.68,0.1
267,212,13,2025-06-17,1,128.6,0.1
268,111,20,2025-02-16,1,131.31,0.0
269,69,11,2025-07-22,2,151.82,0.0
270,161,11,2025-01-16,1,75.91,0.0
271,138,18,2025-02-07,1,184.64,0.05
272,77,24,2025-06-23,1,62.8,0.05
273,91,14,2025-09-21,1,47.27,0.1
274,209,9,2025-04-17,1,190.95,0.0
275,284,1,2025-07-01,2,148.77,0.1
276,56,27,2025-09-15,2,388.64,0.15
277,123,28,2025-08-18,1,221.33,0.05
278,114,28,2025-04-17,2,419.36,0.1
279,18,2,2025-03-04,3,158.27,0.1
280,186,25,2025-07-24,2,185.69,0.05
281,135,29,2025-03-29,2,128.7,0.0
282,129,23,2025-01-03,3,542.73,0.0
283,121,1,2025-04-12,3,247.95,0.0
284,133,17,2025-07-21,2,365.38,0.1
285,109,15,2025-03-25,1,214.66,0.0
286,69,1,2025-07-15,2,165.3,0.0
287,234,23,2025-06-02,2,325.64,0.1
288,52,24,2025-06-02,2,132.22,0.0
289,32,23,2025-02-05,3,542.73,0.0
290,295,16,2025-04-07,1,109.59,0.0
291,137,6,2025-04-19,1,145.83,0.0
292,118,5,2025-03-28,1,158.24,0.0
293,214,9,2025-08-27,2,381.9,0.0
294,160,14,2025-04-22,2,105.04,0.0
295,104,21,2025-05-14,2,447.64,0.05
296,150,22,2025-07-28,3,168.51,0.0
297,122,10,2025-04-25,2,87.16,0.0
298,234,28,2025-01-11,3,698.94,0.0
299,47,22,2025-05-07,1,56.17,0.0
300,152,8,2025-05-17,1,92.77,0.0
301,19,3,2025-06-24,1,208.41,0.0
302,141,22,2025-04-03,2,101.11,0.1
303,245,29,2025-05-08,1,61.13,0.05
304,269,5,2025-01-07,1,150.33,0.05
305,193,17,2025-03-03,1,172.54,0.15
306,251,29,2025-07-26,2,122.26,0.05
307,282,28,2025-05-24,1,209.68,0.1
308,73,24,2025-04-03,1,56.19,0.15
309,118,9,2025-07-18,3,544.21,0.05
310,147,2,2025-05-19,2,117.24,0.0
311,57,8,2025-05-26,1,92.77,0.0
312,194,8,2025-01-22,3,278.31,0.0
313,185,8,2025-08-08,2,176.26,0.05
314,173,18,2025-02-14,3,583.08,0.0
315,221,27,2025-08-22,2,457.22,0.0
316,3,22,2025-07-25,1,50.55,0.1
317,132,27,2025-03-01,2,457.22,0.0
318,107,27,2025-08-23,1,205.75,0.1
319,49,9,2025-06-08,2,381.9,0.0
320,207,16,2025-05-16,1,104.11,0.05
321,295,26,2025-07-28,1,82.23,0.1
322,192,12,2025-01-29,1,182.48,0.0
323,265,28,2025-08-03,1,232.98,0.0
324,292,10,2025-09-02,3,117.67,0.1
325,170,29,2025-09-26,1,64.35,0.0
326,8,8,2025-02-28,1,92.77,0.0
327,94,30,2025-07-23,1,28.25,0.05
328,207,16,2025-03-22,1,98.63,0.1
329,279,18,2025-08-12,1,194.36,0.0
330,294,25,2025-08-27,1,83.07,0.15
331,222,29,2025-05-09,3,193.05,0.0
332,156,21,2025-04-20,2,424.08,0.1
333,278,10,2025-07-26,2,82.8,0.05
334,204,1,2025-01-28,1,78.52,0.05
335,22,6,2025-04-06,1,131.25,0.1
336,120,14,2025-06-27,3,157.56,0.0
337,187,24,2025-08-20,2,132.22,0.0
338,77,6,2025-09-15,1,131.25,0.1
339,256,6,2025-06-25,1,116.66,0.2
340,299,29,2025-04-01,2,109.39,0.15
341,163,15,2025-09-10,2,429.32,0.0
342,187,21,2025-03-27,3,706.8,0.0
343,114,17,2025-07-02,1,202.99,0.0
344,3,16,2025-07-16,2,219.18,0.0
345,25,4,2025-03-02,2,63.0,0.1
346,171,2,2025-03-15,2,117.24,0.0
347,276,16,2025-07-30,1,93.15,0.15
348,183,28,2025-07-16,1,221.33,0.05
349,149,12,2025-02-19,2,310.22,0.15
350,170,20,2025-06-15,1,124.74,0.05
351,288,11,2025-07-08,1,75.91,0.0
352,182,18,2025-03-16,2,369.28,0.05
353,59,25,2025-07-01,1,92.84,0.05
354,64,7,2025-09-17,1,99.37,0.0
355,214,18,2025-07-28,2,330.41,0.15
356,112,1,2025-02-28,1,78.52,0.05
357,296,22,2025-01-20,3,143.23,0.15
358,156,24,2025-03-31,3,168.58,0.15
359,293,17,2025-08-18,1,172.54,0.15
360,26,11,2025-05-30,2,151.82,0.0
361,296,26,2025-07-28,2,155.33,0.15
362,144,14,2025-08-23,2,84.03,0.2
363,155,21,2025-08-03,1,188.48,0.2
364,212,5,2025-08-22,1,150.33,0.05
365,119,25,2025-09-21,2,195.46,0.0
366,276,28,2025-08-19,2,372.77,0.2
367,273,10,2025-01-11,1,43.58,0.0
368,58,2,2025-09-08,2,117.24,0.0
369,216,10,2025-02-21,2,82.8,0.05
370,293,30,2025-03-13,2,59.48,0.0
371,110,8,2025-04-03,3,278.31,0.0
372,138,7,2025-01-28,1,99.37,0.0
373,13,4,2025-04-11,1,31.5,0.1
374,223,18,2025-06-15,3,553.93,0.05
375,11,28,2025-04-06,3,698.94,0.0
376,266,8,2025-05-08,3,278.31,0.0
377,112,28,2025-05-25,1,221.33,0.05
378,106,21,2025-07-03,1,223.82,0.05
379,89,16,2025-01-18,1,87.67,0.2
380,106,15,2025-06-16,2,343.46,0.2
381,40,20,2025-08-06,1,124.74,0.05
382,208,9,2025-02-07,1,171.85,0.1
383,249,3,2025-02-17,1,208.41,0.0
384,295,4,2025-07-06,1,33.25,0.05
385,229,6,2025-03-18,1,138.54,0.05
386,270,22,2025-05-12,2,106.72,0.05
387,281,13,2025-06-09,1,142.89,0.0
388,120,28,2025-02-22,3,594.1,0.15
389,131,13,2025-09-03,1,121.46,0.15
390,96,29,2025-07-19,3,193.05,0.0
391,206,3,2025-09-13,1,208.41,0.0
392,287,29,2025-09-12,2,128.7,0.0
393,127,9,2025-09-11,2,324.61,0.15
394,13,13,2025-05-07,1,128.6,0.1
395,276,20,2025-07-24,1,131.31,0.0
396,273,24,2025-02-27,1,56.19,0.15
397,279,14,2025-09-21,1,52.52,0.0
398,187,13,2025-08-17,1,128.6,0.1
399,189,16,2025-01-02,3,328.77,0.0
400,286,7,2025-01-13,1,99.37,0.0
401,94,18,2025-09-26,1,194.36,0.0
402,149,16,2025-02-24,1,104.11,0.05
403,116,15,2025-07-20,2,407.85,0.05
404,53,23,2025-06-29,3,515.59,0.05
405,137,22,2025-01-01,2,112.34,0.0
406,98,16,2025-09-22,2,197.26,0.1
407,72,27,2025-07-09,2,457.22,0.0
408,232,10,2025-07-09,1,39.22,0.1
409,171,17,2025-08-09,2,385.68,0.05
410,56,6,2025-04-12,2,262.49,0.1
411,200,9,2025-08-15,1,190.95,0.0
412,149,19,2025-03-04,1,151.29,0.05
413,273,6,2025-05-27,3,437.49,0.0
414,38,23,2025-09-01,2,361.82,0.0
415,177,11,2025-06-13,1,72.11,0.05
416,58,17,2025-04-15,2,385.68,0.05
417,83,26,2025-09-09,1,91.37,0.0
418,184,27,2025-07-29,1,194.32,0.15
419,208,18,2025-05-17,2,388.72,0.0
420,142,13,2025-01-25,1,142.89,0.0
421,118,10,2025-03-14,1,41.4,0.05
422,10,19,2025-06-01,2,318.5,0.0
423,283,16,2025-04-23,1,109.59,0.0
424,181,12,2025-06-24,1,155.11,0.15
425,140,23,2025-05-12,1,180.91,0.0
426,66,30,2025-05-29,1,25.28,0.15
427,116,22,2025-09-10,1,56.17,0.0
428,25,21,2025-03-11,1,235.6,0.0
429,91,18,2025-05-29,2,330.41,0.15
430,151,3,2025-02-09,1,197.99,0.05
431,180,17,2025-07-19,1,182.69,0.1
432,5,26,2025-08-25,2,173.6,0.05
433,56,27,2025-08-25,3,685.83,0.0
434,73,27,2025-08-28,1,205.75,0.1
435,188,19,2025-01-30,1,151.29,0.05
436,90,13,2025-08-08,1,128.6,0.1
437,103,26,2025-07-03,1,91.37,0.0
438,52,25,2025-03-17,1,92.84,0.05
439,40,5,2025-04-21,1,158.24,0.0
440,191,10,2025-07-01,1,39.22,0.1
441,209,22,2025-06-15,1,56.17,0.0
442,8,30,2025-06-24,1,29.74,0.0
443,90,13,2025-05-25,3,407.24,0.05
444,78,13,2025-09-19,1,142.89,0.0
445,239,8,2025-05-23,3,250.48,0.1
446,269,17,2025-09-02,1,202.99,0.0
447,197,22,2025-02-27,1,56.17,0.0
448,26,15,2025-01-05,1,214.66,0.0
449,198,27,2025-08-30,1,228.61,0.0
450,249,14,2025-01-13,2,105.04,0.0
451,19,11,2025-08-27,2,136.64,0.1
452,100,3,2025-05-02,2,375.14,0.1
453,145,7,2025-02-19,1,99.37,0.0
454,164,13,2025-05-08,3,428.67,0.0
455,239,30,2025-07-06,2,50.56,0.15
456,284,13,2025-07-13,1,142.89,0.0
457,280,15,2025-06-20,1,214.66,0.0
458,264,7,2025-04-13,1,99.37,0.0
459,286,10,2025-08-18,1,43.58,0.0
460,221,7,2025-03-01,1,89.43,0.1
461,173,23,2025-05-02,2,361.82,0.0
462,4,29,2025-01-06,1,54.7,0.15
463,96,9,2025-08-17,1,181.4,0.05
464,112,24,2025-04-16,1,59.5,0.1
465,96,4,2025-08-02,3,105.0,0.0
466,193,20,2025-05-30,1,124.74,0.05
467,3,9,2025-03-17,3,515.56,0.1
468,113,27,2025-08-21,1,228.61,0.0
469,83,29,2025-06-24,2,128.7,0.0
470,256,23,2025-01-30,1,180.91,0.0
471,237,24,2025-01-25,1,56.19,0.15
472,94,23,2025-05-07,1,180.91,0.0
473,116,16,2025-08-14,1,109.59,0.0
474,11,21,2025-08-02,2,471.2,0.0
475,209,30,2025-03-05,1,25.28,0.15
476,298,18,2025-02-23,1,194.36,0.0
477,241,19,2025-01-18,1,159.25,0.0
478,144,6,2025-08-27,1,138.54,0.05
479,246,2,2025-03-20,3,175.86,0.0
480,12,13,2025-09-11,1,128.6,0.1
481,253,17,2025-01-08,2,405.98,0.0
482,292,28,2025-04-28,2,442.66,0.05
483,101,30,2025-05-31,3,80.3,0.1
484,180,28,2025-07-14,2,419.36,0.1
485,275,13,2025-04-16,2,257.2,0.1
486,27,23,2025-05-28,1,180.91,0.0
487,164,2,2025-08-12,1,58.62,0.0
488,30,13,2025-02-03,2,285.78,0.0
489,221,4,2025-01-22,2,59.5,0.15
490,231,19,2025-02-07,3,406.09,0.15
491,148,9,2025-02-19,1,190.95,0.0
492,126,11,2025-06-14,3,204.96,0.1
493,300,2,2025-03-18,1,58.62,0.0
494,95,7,2025-03-09,1,99.37,0.0
495,159,3,2025-07-08,1,166.73,0.2
496,288,2,2025-07-06,2,117.24,0.0
497,194,28,2025-05-24,3,698.94,0.0
498,107,24,2025-05-09,1,62.8,0.05
499,4,7,2025-04-05,1,84.46,0.15
500,47,28,2025-06-30,1,209.68,0.1
501,106,24,2025-09-17,2,132.22,0.0
502,296,18,2025-06-20,1,165.21,0.15
503,12,3,2025-07-01,1,187.57,0.1
504,182,30,2025-03-25,3,89.22,0.0
505,96,29,2025-09-23,2,109.39,0.15
506,225,13,2025-02-11,2,257.2,0.1
507,237,22,2025-07-04,2,101.11,0.1
508,283,9,2025-06-11,1,181.4,0.05
509,12,8,2025-03-14,2,185.54,0.0
510,10,25,2025-08-14,2,185.69,0.05
511,66,1,2025-05-04,2,165.3,0.0
512,159,25,2025-03-19,1,97.73,0.0
513,12,5,2025-06-05,2,300.66,0.05
514,280,21,2025-04-20,3,600.78,0.15
515,216,14,2025-06-11,1,52.52,0.0
516,36,13,2025-01-22,3,385.8,0.1
517,217,1,2025-06-13,2,140.5,0.15
518,195,23,2025-05-03,1,153.77,0.15
519,149,8,2025-08-31,3,278.31,0.0
520,206,6,2025-03-28,3,437.49,0.0
521,46,15,2025-02-13,1,182.46,0.15
522,44,2,2025-09-18,2,99.65,0.15
523,104,27,2025-07-25,1,228.61,0.0
524,287,3,2025-03-24,3,625.23,0.0
525,288,8,2025-09-08,2,176.26,0.05
526,201,29,2025-04-05,3,173.75,0.1
527,219,25,2025-03-13,1,97.73,0.0
528,96,11,2025-02-23,1,72.11,0.05
529,218,16,2025-04-09,2,208.22,0.05
530,193,26,2025-04-21,1,91.37,0.0
531,8,29,2025-04-22,1,64.35,0.0
532,188,3,2025-07-16,1,208.41,0.0
533,212,13,2025-03-14,2,285.78,0.0
534,275,6,2025-06-22,1,145.83,0.0
535,188,25,2025-03-27,2,195.46,0.0
536,43,19,2025-07-19,1,151.29,0.05
537,115,26,2025-03-18,2,164.47,0.1
538,211,16,2025-02-08,1,104.11,0.05
539,267,26,2025-02-11,1,77.66,0.15
540,98,11,2025-08-18,1,72.11,0.05
541,65,3,2025-08-20,1,208.41,0.0
542,263,11,2025-06-03,3,216.34,0.05
543,51,21,2025-02-15,2,471.2,0.0
544,269,25,2025-04-28,3,293.19,0.0
545,118,4,2025-03-16,1,31.5,0.1
546,122,11,2025-08-03,2,151.82,0.0
547,28,11,2025-01-26,1,75.91,0.0
548,164,14,2025-02-04,3,149.68,0.05
549,208,14,2025-04-03,2,105.04,0.0
550,217,19,2025-04-16,1,143.33,0.1
551,64,22,2025-09-01,1,56.17,0.0
552,87,25,2025-01-07,3,293.19,0.0
553,169,10,2025-05-18,1,41.4,0.05
554,230,27,2025-06-10,1,228.61,0.0
555,188,2,2025-01-04,1,55.69,0.05
556,218,4,2025-01-01,3,105.0,0.0
557,189,3,2025-01-08,2,416.82,0.0
558,292,18,2025-09-01,1,174.92,0.1
559,32,14,2025-05-26,2,105.04,0.0
560,16,3,2025-02-16,1,208.41,0.0
561,260,5,2025-01-17,3,427.25,0.1
562,39,9,2025-05-12,3,572.85,0.0
563,203,2,2025-04-18,2,105.52,0.1
564,18,26,2025-06-30,2,182.74,0.0
565,87,26,2025-08-25,3,246.7,0.1
566,200,24,2025-03-27,1,62.8,0.05
567,95,30,2025-01-30,1,25.28,0.15
568,229,12,2025-04-28,3,547.44,0.0
569,246,21,2025-09-04,2,471.2,0.0
570,190,21,2025-09-15,2,471.2,0.0
571,172,22,2025-09-16,1,53.36,0.05
572,186,1,2025-04-05,1,82.65,0.0
573,210,4,2025-04-08,2,70.0,0.0
574,172,6,2025-01-25,1,145.83,0.0
575,251,16,2025-06-16,2,219.18,0.0
576,179,23,2025-09-22,1,180.91,0.0
577,215,5,2025-02-11,2,300.66,0.05
578,251,7,2025-05-03,1,99.37,0.0
579,29,15,2025-02-04,3,643.98,0.0
580,294,13,2025-05-27,1,142.89,0.0
581,122,20,2025-06-24,2,262.62,0.0
582,45,8,2025-01-16,2,148.43,0.2
583,9,28,2025-01-15,3,629.05,0.1
584,278,24,2025-04-23,2,125.61,0.05
585,266,11,2025-07-27,3,216.34,0.05
586,12,25,2025-07-07,1,87.96,0.1
587,279,11,2025-05-14,2,129.05,0.15
588,18,30,2025-05-21,1,28.25,0.05
589,146,27,2025-04-02,1,228.61,0.0
590,160,15,2025-05-17,2,407.85,0.05
591,68,14,2025-09-06,1,52.52,0.0
592,6,16,2025-04-04,2,219.18,0.0
593,25,20,2025-04-28,1,118.18,0.1
594,66,10,2025-06-24,2,87.16,0.0
595,114,15,2025-09-06,1,182.46,0.15
596,26,14,2025-01-14,3,141.8,0.1
597,216,9,2025-07-12,1,171.85,0.1
598,214,23,2025-03-17,2,361.82,0.0
599,187,1,2025-01-28,1,82.65,0.0
600,126,17,2025-02-06,1,172.54,0.15
601,127,3,2025-06-17,3,625.23,0.0
602,150,16,2025-01-28,1,109.59,0.0
603,46,8,2025-08-24,3,236.56,0.15
604,232,21,2025-03-06,3,706.8,0.0
605,64,23,2025-06-07,2,343.73,0.05
606,225,21,2025-04-13,1,223.82,0.05
607,88,19,2025-06-17,1,159.25,0.0
608,50,16,2025-05-14,1,98.63,0.1
609,109,25,2025-01-21,1,92.84,0.05
610,77,17,2025-05-28,2,345.08,0.15
611,92,17,2025-01-28,1,202.99,0.0
612,58,18,2025-05-14,1,194.36,0.0
613,38,6,2025-03-16,3,437.49,0.0
614,259,23,2025-08-13,1,171.86,0.05
615,241,20,2025-08-25,1,111.61,0.15
616,153,13,2025-05-06,1,135.75,0.05
617,226,29,2025-07-30,1,57.91,0.1
618,129,10,2025-08-24,1,43.58,0.0
619,45,6,2025-01-21,1,145.83,0.0
620,48,11,2025-02-08,1,68.32,0.1
621,244,18,2025-03-29,2,388.72,0.0
622,15,4,2025-07-10,1,35.0,0.0
623,154,4,2025-07-28,1,33.25,0.05
624,69,23,2025-09-18,2,325.64,0.1
625,111,2,2025-04-03,2,117.24,0.0
626,109,10,2025-07-08,1,37.04,0.15
627,191,14,2025-09-13,1,52.52,0.0
628,267,3,2025-06-13,2,375.14,0.1
629,74,28,2025-03-14,2,442.66,0.05
630,246,24,2025-03-01,2,112.39,0.15
631,206,26,2025-06-28,2,164.47,0.1
632,89,18,2025-08-24,1,194.36,0.0
633,153,13,2025-05-02,2,285.78,0.0
634,70,3,2025-07-05,1,208.41,0.0
635,192,5,2025-08-02,1,158.24,0.0
636,144,24,2025-01-15,1,66.11,0.0
637,35,23,2025-09-27,1,162.82,0.1
638,100,7,2025-01-30,1,89.43,0.1
639,144,15,2025-08-20,1,214.66,0.0
640,220,16,2025-03-24,1,104.11,0.05
641,173,13,2025-01-07,1,128.6,0.1
642,36,25,2025-01-06,1,83.07,0.15
643,285,30,2025-06-23,1,28.25,0.05
644,115,30,2025-03-16,3,89.22,0.0
645,90,16,2025-01-21,3,295.89,0.1
646,222,27,2025-06-28,2,457.22,0.0
647,214,27,2025-04-19,1,217.18,0.05
648,200,24,2025-07-15,1,56.19,0.15
649,246,13,2025-04-14,1,114.31,0.2
650,230,7,2025-06-21,1,89.43,0.1
651,298,21,2025-06-27,2,447.64,0.05
652,187,17,2025-08-15,2,324.78,0.2
653,3,20,2025-06-24,3,393.93,0.0
654,270,16,2025-09-10,2,219.18,0.0
655,273,28,2025-01-24,2,465.96,0.0
656,50,22,2025-07-25,1,56.17,0.0
657,70,27,2025-02-19,2,457.22,0.0
658,79,3,2025-07-09,2,416.82,0.0
659,189,30,2025-08-29,2,47.58,0.2
660,79,12,2025-04-08,1,182.48,0.0
661,192,29,2025-02-07,3,154.44,0.2
662,209,5,2025-03-30,3,474.72,0.0
663,85,29,2025-09-02,3,193.05,0.0
664,272,18,2025-05-02,1,194.36,0.0
665,130,4,2025-03-26,1,31.5,0.1
666,81,7,2025-03-10,2,198.74,0.0
667,105,5,2025-07-20,2,269.01,0.15
668,265,11,2025-04-10,3,193.57,0.15
669,278,2,2025-06-06,3,158.27,0.1
670,97,18,2025-04-07,1,194.36,0.0
671,260,29,2025-03-23,1,64.35,0.0
672,32,1,2025-04-16,1,74.39,0.1
673,188,6,2025-03-28,1,145.83,0.0
674,56,17,2025-01-13,1,192.84,0.05
675,113,5,2025-06-20,2,300.66,0.05
676,79,18,2025-07-01,1,194.36,0.0
677,196,3,2025-03-12,1,166.73,0.2
678,296,6,2025-07-12,2,233.33,0.2
679,52,18,2025-01-09,1,194.36,0.0
680,298,19,2025-07-03,1,159.25,0.0
681,20,24,2025-03-06,3,198.33,0.0
682,24,15,2025-03-24,3,611.78,0.05
683,99,30,2025-01-22,1,25.28,0.15
684,42,2,2025-01-31,3,175.86,0.0
685,247,26,2025-07-26,3,232.99,0.15
686,56,23,2025-02-26,2,361.82,0.0
687,114,29,2025-07-17,2,128.7,0.0
688,219,21,2025-01-16,2,471.2,0.0
689,54,8,2025-01-26,2,166.99,0.1
690,74,11,2025-07-06,2,144.23,0.05
691,108,15,2025-06-11,3,515.18,0.2
692,206,14,2025-01-16,1,47.27,0.1
693,125,17,2025-05-20,3,548.07,0.1
694,129,22,2025-08-27,2,112.34,0.0
695,211,18,2025-02-14,1,194.36,0.0
696,44,27,2025-04-07,2,457.22,0.0
697,192,27,2025-07-04,2,457.22,0.0
698,55,26,2025-04-07,3,274.11,0.0
699,154,3,2025-03-20,1,208.41,0.0
700,34,1,2025-06-18,1,70.25,0.15
701,3,26,2025-02-01,1,77.66,0.15
702,105,1,2025-03-02,3,223.16,0.1
703,6,7,2025-01-10,1,94.4,0.05
704,228,21,2025-05-06,2,471.2,0.0
705,74,19,2025-07-10,1,151.29,0.05
706,204,24,2025-07-27,1,62.8,0.05
707,62,27,2025-07-28,3,651.54,0.05
708,130,4,2025-04-24,2,70.0,0.0
709,215,28,2025-07-22,1,209.68,0.1
710,176,11,2025-04-27,3,227.73,0.0
711,120,1,2025-05-25,2,140.5,0.15
712,137,4,2025-04-27,1,28.0,0.2
713,168,26,2025-07-22,2,173.6,0.05
714,183,29,2025-06-01,1,61.13,0.05
715,274,10,2025-07-31,2,82.8,0.05
716,17,9,2025-01-14,1,190.95,0.0
717,132,18,2025-02-16,1,194.36,0.0
718,205,15,2025-06-04,2,429.32,0.0
719,19,26,2025-01-26,1,82.23,0.1
720,174,28,2025-06-30,1,232.98,0.0
721,298,19,2025-03-17,1,159.25,0.0
722,131,11,2025-02-18,1,75.91,0.0
723,118,7,2025-02-15,3,283.2,0.05
724,189,22,2025-05-09,1,56.17,0.0
725,118,16,2025-05-24,1,104.11,0.05
726,134,16,2025-05-28,1,109.59,0.0
727,154,26,2025-07-18,1,82.23,0.1
728,212,3,2025-03-09,2,416.82,0.0
729,2,14,2025-04-18,3,157.56,0.0
730,218,12,2025-09-26,3,547.44,0.0
731,98,12,2025-05-29,2,364.96,0.0
732,66,10,2025-03-28,2,78.44,0.1
733,254,16,2025-05-10,2,186.3,0.15
734,46,3,2025-07-02,2,375.14,0.1
735,100,14,2025-06-11,2,99.79,0.05
736,134,13,2025-07-11,2,285.78,0.0
737,12,20,2025-05-03,3,374.23,0.05
738,51,8,2025-03-12,1,92.77,0.0
739,155,21,2025-04-17,2,424.08,0.1
740,69,11,2025-05-23,1,75.91,0.0
741,23,21,2025-01-09,1,235.6,0.0
742,17,26,2025-05-29,1,86.8,0.05
743,106,24,2025-02-04,3,198.33,0.0
744,266,12,2025-04-29,3,520.07,0.05
745,10,26,2025-05-25,1,91.37,0.0
746,257,12,2025-01-04,1,182.48,0.0
747,106,21,2025-08-02,1,188.48,0.2
748,197,19,2025-05-10,2,286.65,0.1
749,262,8,2025-05-05,1,88.13,0.05
750,140,9,2025-01-02,1,190.95,0.0
751,228,10,2025-07-31,2,87.16,0.0
752,253,14,2025-08-28,3,141.8,0.1
753,149,12,2025-06-16,2,310.22,0.15
754,135,9,2025-05-09,1,171.85,0.1
755,246,29,2025-02-13,3,193.05,0.0
756,145,19,2025-08-30,3,453.86,0.05
757,266,24,2025-07-19,2,125.61,0.05
758,57,30,2025-02-08,1,29.74,0.0
759,220,25,2025-09-01,2,195.46,0.0
760,283,10,2025-04-20,1,39.22,0.1
761,32,10,2025-01-25,1,39.22,0.1
762,57,20,2025-08-20,3,393.93,0.0
763,287,7,2025-08-20,1,84.46,0.15
764,18,15,2025-08-17,1,203.93,0.05
765,246,18,2025-04-20,3,583.08,0.0
766,30,12,2025-06-26,1,155.11,0.15
767,218,4,2025-06-10,2,63.0,0.1
768,42,19,2025-07-29,2,318.5,0.0
769,279,27,2025-07-27,1,228.61,0.0
770,34,21,2025-01-18,1,223.82,0.05
771,182,13,2025-09-16,1,135.75,0.05
772,186,26,2025-09-12,2,155.33,0.15
773,108,28,2025-03-23,2,396.07,0.15
774,258,5,2025-03-29,2,316.48,0.0
775,254,28,2025-02-01,2,442.66,0.05
776,169,21,2025-06-27,1,223.82,0.05
777,263,8,2025-09-12,2,166.99,0.1
778,65,4,2025-01-11,2,66.5,0.05
779,151,29,2025-08-25,2,128.7,0.0
780,151,27,2025-05-24,3,617.25,0.1
781,68,8,2025-06-08,2,185.54,0.0
782,300,12,2025-03-31,2,364.96,0.0
783,220,9,2025-01-12,2,324.61,0.15
784,182,28,2025-04-09,2,372.77,0.2
785,226,13,2025-04-13,1,135.75,0.05
786,58,14,2025-03-16,1,52.52,0.0
787,181,1,2025-03-12,1,74.39,0.1
788,256,19,2025-03-15,1,143.33,0.1
789,166,15,2025-09-18,2,429.32,0.0
790,10,12,2025-01-04,1,182.48,0.0
791,292,25,2025-08-03,2,195.46,0.0
792,101,3,2025-01-09,2,354.3,0.15
793,63,25,2025-08-14,1,92.84,0.05
794,255,13,2025-07-26,2,285.78,0.0
795,76,20,2025-03-10,1,124.74,0.05
796,167,26,2025-09-08,1,77.66,0.15
797,174,10,2025-09-03,1,41.4,0.05
798,294,23,2025-05-30,2,325.64,0.1
799,199,23,2025-02-18,3,542.73,0.0
800,168,16,2025-02-20,1,104.11,0.05
801,216,17,2025-03-21,1,182.69,0.1
802,27,4,2025-07-14,3,94.5,0.1
803,114,25,2025-08-30,2,195.46,0.0
804,196,12,2025-07-05,3,520.07,0.05
805,207,23,2025-06-05,2,361.82,0.0
806,145,18,2025-02-06,2,349.85,0.1
807,45,18,2025-07-25,3,553.93,0.05
808,19,13,2025-01-07,1,142.89,0.0
809,68,27,2025-02-03,1,228.61,0.0
810,266,10,2025-08-19,2,82.8,0.05
811,10,6,2025-05-08,1,138.54,0.05
812,193,28,2025-08-19,3,698.94,0.0
813,213,17,2025-09-22,1,182.69,0.1
814,185,30,2025-06-15,1,29.74,0.0
815,161,13,2025-04-07,3,428.67,0.0
816,292,26,2025-04-18,1,86.8,0.05
817,71,26,2025-08-07,2,155.33,0.15
818,80,24,2025-08-26,2,125.61,0.05
819,182,25,2025-06-05,2,195.46,0.0
820,18,15,2025-07-17,1,214.66,0.0
821,193,13,2025-08-15,1,142.89,0.0
822,153,13,2025-02-24,2,285.78,0.0
823,109,2,2025-07-03,3,175.86,0.0
824,87,9,2025-07-30,3,572.85,0.0
825,42,27,2025-01-17,1,228.61,0.0
826,63,30,2025-04-10,1,26.77,0.1
827,246,27,2025-03-22,2,457.22,0.0
828,197,30,2025-07-23,2,56.51,0.05
829,196,19,2025-06-01,3,477.75,0.0
830,57,19,2025-09-25,1,159.25,0.0
831,203,3,2025-07-28,1,208.41,0.0
832,252,9,2025-07-07,2,362.8,0.05
833,283,19,2025-03-17,2,318.5,0.0
834,109,1,2025-01-10,1,82.65,0.0
835,103,28,2025-05-26,3,698.94,0.0
836,220,18,2025-06-16,1,184.64,0.05
837,72,22,2025-09-11,1,56.17,0.0
838,38,27,2025-07-20,3,685.83,0.0
839,179,3,2025-03-23,2,395.98,0.05
840,158,4,2025-06-16,2,70.0,0.0
841,204,2,2025-08-23,3,158.27,0.1
842,279,16,2025-06-15,2,197.26,0.1
843,217,1,2025-05-15,1,82.65,0.0
844,106,5,2025-04-18,1,158.24,0.0
845,146,2,2025-03-15,3,167.07,0.05
846,17,4,2025-09-09,1,35.0,0.0
847,119,2,2025-07-17,1,55.69,0.05
848,179,30,2025-02-13,3,80.3,0.1
849,3,22,2025-03-15,1,56.17,0.0
850,93,16,2025-05-25,2,208.22,0.05
851,4,10,2025-08-19,1,43.58,0.0
852,211,5,2025-08-07,2,316.48,0.0
853,24,6,2025-01-04,1,145.83,0.0
854,168,16,2025-02-25,2,219.18,0.0
855,141,27,2025-09-19,1,228.61,0.0
856,241,3,2025-09-15,1,187.57,0.1
857,66,20,2025-06-20,1,118.18,0.1
858,107,23,2025-08-15,2,361.82,0.0
859,216,5,2025-03-25,2,316.48,0.0
860,181,13,2025-09-25,2,242.91,0.15
861,57,8,2025-05-08,2,185.54,0.0
862,5,26,2025-01-11,3,232.99,0.15
863,184,10,2025-04-26,1,43.58,0.0
864,31,11,2025-08-25,2,151.82,0.0
865,297,20,2025-08-14,1,131.31,0.0
866,199,7,2025-05-25,2,168.93,0.15
867,91,14,2025-03-11,3,141.8,0.1
868,214,20,2025-03-30,2,262.62,0.0
869,72,5,2025-02-18,2,316.48,0.0
870,114,15,2025-05-13,1,203.93,0.05
871,293,30,2025-08-31,1,29.74,0.0
872,123,16,2025-03-23,1,109.59,0.0
873,163,2,2025-06-05,1,55.69,0.05
874,169,16,2025-04-02,2,219.18,0.0
875,148,24,2025-07-08,1,66.11,0.0
876,128,7,2025-02-16,2,198.74,0.0
877,226,21,2025-08-12,1,223.82,0.05
878,147,9,2025-03-05,2,324.61,0.15
879,179,7,2025-09-17,3,298.11,0.0
880,64,29,2025-01-11,1,51.48,0.2
881,203,27,2025-01-21,3,548.66,0.2
882,91,4,2025-04-21,1,29.75,0.15
883,99,3,2025-06-08,2,333.46,0.2
884,281,11,2025-03-25,1,75.91,0.0
885,210,30,2025-03-10,1,29.74,0.0
886,188,6,2025-07-08,1,145.83,0.0
887,164,22,2025-03-26,1,56.17,0.0
888,177,3,2025-08-06,2,375.14,0.1
889,230,12,2025-01-26,2,364.96,0.0
890,123,16,2025-09-14,2,219.18,0.0
891,47,13,2025-07-27,1,142.89,0.0
892,155,6,2025-03-31,1,138.54,0.05
893,174,25,2025-09-21,1,92.84,0.05
894,21,8,2025-09-05,2,176.26,0.05
895,31,18,2025-09-06,2,369.28,0.05
896,271,30,2025-06-03,1,28.25,0.05
897,80,4,2025-03-25,2,70.0,0.0
898,232,29,2025-04-12,2,128.7,0.0
899,159,14,2025-08-13,1,52.52,0.0
900,91,24,2025-03-31,2,119.0,0.1
901,220,8,2025-08-03,2,166.99,0.1
902,135,10,2025-06-13,1,43.58,0.0
903,25,9,2025-05-09,1,181.4,0.05
904,153,22,2025-05-05,1,53.36,0.05
905,53,2,2025-03-23,1,58.62,0.0
906,293,20,2025-04-13,2,249.49,0.05
907,209,27,2025-04-27,2,365.78,0.2
908,105,15,2025-09-16,3,579.58,0.1
909,216,22,2025-01-24,1,50.55,0.1
910,28,4,2025-01-16,1,33.25,0.05
911,207,16,2025-09-06,1,104.11,0.05
912,218,19,2025-03-09,1,135.36,0.15
913,75,18,2025-04-13,1,194.36,0.0
914,215,7,2025-02-08,1,99.37,0.0
915,49,26,2025-06-10,2,155.33,0.15
916,2,9,2025-05-12,2,362.8,0.05
917,164,28,2025-01-01,2,465.96,0.0
918,112,30,2025-02-05,1,28.25,0.05
919,80,26,2025-03-24,1,91.37,0.0
920,22,24,2025-04-17,2,132.22,0.0
921,181,4,2025-06-13,2,59.5,0.15
922,181,18,2025-06-18,1,184.64,0.05
923,21,4,2025-04-13,2,70.0,0.0
924,85,17,2025-07-07,1,172.54,0.15
925,49,5,2025-01-02,2,316.48,0.0
926,59,1,2025-04-09,1,74.39,0.1
927,2,19,2025-07-30,1,135.36,0.15
928,144,4,2025-05-20,2,70.0,0.0
929,247,12,2025-04-16,1,155.11,0.15
930,69,13,2025-05-17,1,142.89,0.0
931,100,18,2025-01-09,3,495.62,0.15
932,114,14,2025-05-23,3,141.8,0.1
933,157,15,2025-09-17,1,203.93,0.05
934,172,7,2025-07-27,1,89.43,0.1
935,114,30,2025-04-12,2,56.51,0.05
936,255,20,2025-02-27,1,118.18,0.1
937,196,23,2025-04-02,2,307.55,0.15
938,300,2,2025-08-24,2,117.24,0.0
939,45,9,2025-08-22,1,190.95,0.0
940,30,18,2025-07-23,2,349.85,0.1
941,185,29,2025-03-03,1,61.13,0.05
942,25,19,2025-05-21,2,318.5,0.0
943,130,29,2025-09-03,1,57.91,0.1
944,31,12,2025-02-16,1,182.48,0.0
945,110,5,2025-02-27,1,142.42,0.1
946,256,24,2025-06-20,1,59.5,0.1
947,286,7,2025-09-12,3,283.2,0.05
948,3,26,2025-05-06,2,182.74,0.0
949,188,26,2025-07-23,1,82.23,0.1
950,11,7,2025-05-26,2,188.8,0.05
951,46,12,2025-06-30,1,182.48,0.0
952,255,29,2025-01-30,1,64.35,0.0
953,115,20,2025-09-18,1,118.18,0.1
954,211,23,2025-02-09,1,180.91,0.0
955,83,18,2025-06-19,2,388.72,0.0
956,169,1,2025-08-17,1,82.65,0.0
957,16,23,2025-05-15,1,180.91,0.0
958,72,5,2025-04-16,2,316.48,0.0
959,177,26,2025-05-13,3,246.7,0.1
960,161,11,2025-08-23,1,75.91,0.0
961,286,26,2025-05-24,2,146.19,0.2
962,154,16,2025-08-29,3,328.77,0.0
963,134,14,2025-02-19,3,157.56,0.0
964,146,27,2025-03-13,2,457.22,0.0
965,247,30,2025-07-05,3,75.84,0.15
966,246,6,2025-01-26,2,277.08,0.05
967,278,19,2025-05-31,1,135.36,0.15
968,213,9,2025-07-02,1,190.95,0.0
969,52,2,2025-09-26,1,52.76,0.1
970,34,3,2025-08-18,1,208.41,0.0
971,120,27,2025-09-04,1,205.75,0.1
972,210,7,2025-05-13,1,99.37,0.0
973,94,4,2025-05-09,1,35.0,0.0
974,29,18,2025-01-12,2,369.28,0.05
975,293,13,2025-07-27,1,135.75,0.05
976,139,23,2025-06-23,2,361.82,0.0
977,143,28,2025-02-11,1,232.98,0.0
978,192,19,2025-09-15,1,143.33,0.1
979,232,26,2025-01-29,1,82.23,0.1
980,256,25,2025-03-28,2,175.91,0.1
981,283,10,2025-07-17,2,82.8,0.05
982,17,27,2025-06-17,1,194.32,0.15
983,76,7,2025-07-23,1,99.37,0.0
984,214,23,2025-06-07,2,361.82,0.0
985,267,5,2025-04-09,1,158.24,0.0
986,216,1,2025-04-04,3,247.95,0.0
987,220,28,2025-01-31,1,232.98,0.0
988,130,8,2025-04-15,1,78.85,0.15
989,101,21,2025-02-27,2,376.96,0.2
990,20,29,2025-02-07,2,115.83,0.1
991,121,26,2025-06-18,1,82.23,0.1
992,1,19,2025-09-18,2,318.5,0.0
993,48,25,2025-04-04,2,185.69,0.05
994,205,25,2025-06-24,3,263.87,0.1
995,69,24,2025-04-14,3,168.58,0.15
996,216,18,2025-07-31,2,349.85,0.1
997,205,13,2025-02-08,1,142.89,0.0
998,254,24,2025-06-21,1,66.11,0.0
999,178,13,2025-07-07,1,121.46,0.15
1000,15,4,2025-08-02,1,31.5,0.1
1001,146,7,2025-01-04,1,99.37,0.0
1002,16,3,2025-01-29,2,416.82,0.0
1003,289,25,2025-02-26,1,78.18,0.2
1004,93,20,2025-06-07,1,118.18,0.1
1005,77,18,2025-05-31,3,495.62,0.15
1006,231,8,2025-01-18,1,92.77,0.0
1007,189,22,2025-01-17,1,56.17,0.0
1008,120,5,2025-02-03,2,300.66,0.05
1009,202,24,2025-01-11,1,59.5,0.1
1010,253,30,2025-03-21,1,28.25,0.05
1011,12,3,2025-08-29,2,333.46,0.2
1012,228,16,2025-05-14,1,98.63,0.1
1013,66,9,2025-04-02,2,381.9,0.0
1014,259,20,2025-04-13,1,118.18,0.1
1015,101,6,2025-08-14,2,247.91,0.15
1016,182,7,2025-09-12,1,99.37,0.0
1017,285,10,2025-08-12,1,41.4,0.05
1018,256,26,2025-01-24,2,173.6,0.05
1019,25,27,2025-04-26,1,228.61,0.0
1020,37,26,2025-05-17,2,173.6,0.05
1021,182,10,2025-03-27,1,43.58,0.0
1022,235,11,2025-04-10,3,227.73,0.0
1023,15,11,2025-04-11,2,136.64,0.1
1024,114,11,2025-05-10,2,151.82,0.0
1025,214,18,2025-06-15,1,174.92,0.1
1026,194,27,2025-05-16,2,457.22,0.0
1027,274,23,2025-02-19,3,515.59,0.05
1028,191,12,2025-06-30,3,520.07,0.05
1029,75,7,2025-01-21,1,89.43,0.1
1030,211,16,2025-03-27,2,219.18,0.0
1031,151,13,2025-03-10,2,285.78,0.0
1032,9,25,2025-04-11,2,195.46,0.0
1033,243,17,2025-02-12,1,172.54,0.15
1034,206,3,2025-04-10,2,416.82,0.0
1035,258,15,2025-05-15,3,515.18,0.2
1036,158,17,2025-09-19,1,202.99,0.0
1037,229,24,2025-06-17,1,62.8,0.05
1038,24,1,2025-02-13,2,165.3,0.0
1039,156,8,2025-07-18,2,157.71,0.15
1040,234,3,2025-04-26,2,354.3,0.15
1041,210,14,2025-08-08,1,44.64,0.15
1042,100,5,2025-04-13,1,158.24,0.0
1043,226,7,2025-05-07,2,178.87,0.1
1044,53,18,2025-05-12,1,174.92,0.1
1045,112,25,2025-01-07,3,249.21,0.15
1046,223,15,2025-09-07,2,429.32,0.0
1047,263,23,2025-07-08,3,542.73,0.0
1048,58,9,2025-04-25,1,190.95,0.0
1049,173,10,2025-03-19,2,82.8,0.05
1050,39,23,2025-01-27,1,180.91,0.0
1051,147,28,2025-08-01,1,198.03,0.15
1052,240,10,2025-01-22,1,43.58,0.0
1053,258,12,2025-09-19,1,182.48,0.0
1054,221,27,2025-08-10,1,194.32,0.15
1055,258,29,2025-08-13,1,61.13,0.05
1056,183,8,2025-09-03,2,176.26,0.05
1057,6,12,2025-05-07,2,346.71,0.05
1058,155,1,2025-08-23,2,165.3,0.0
1059,40,5,2025-09-21,1,158.24,0.0
1060,137,24,2025-03-28,1,52.89,0.2
1061,84,18,2025-09-09,3,583.08,0.0
1062,152,2,2025-05-19,1,55.69,0.05
1063,38,8,2025-08-07,2,185.54,0.0
1064,79,12,2025-06-10,3,492.7,0.1
1065,221,9,2025-04-23,2,362.8,0.05
1066,186,21,2025-07-16,1,212.04,0.1
1067,115,25,2025-05-21,1,97.73,0.0
1068,239,14,2025-01-10,1,42.02,0.2
1069,195,11,2025-01-12,1,75.91,0.0
1070,177,25,2025-01-11,3,278.53,0.05
1071,39,21,2025-08-06,3,636.12,0.1
1072,56,22,2025-09-10,3,151.66,0.1
1073,291,13,2025-06-29,3,385.8,0.1
1074,196,20,2025-03-21,3,393.93,0.0
1075,225,26,2025-04-03,1,91.37,0.0
1076,7,27,2025-02-24,1,228.61,0.0
1077,90,8,2025-08-21,1,78.85,0.15
1078,292,25,2025-06-01,2,195.46,0.0
1079,141,29,2025-04-24,2,115.83,0.1
1080,143,8,2025-02-02,2,157.71,0.15
1081,201,23,2025-08-12,3,542.73,0.0
1082,85,13,2025-01-31,2,228.62,0.2
1083,141,28,2025-04-09,3,663.99,0.05
1084,62,13,2025-06-16,2,242.91,0.15
1085,86,30,2025-02-21,1,28.25,0.05
1086,298,12,2025-08-26,3,465.32,0.15
1087,136,23,2025-03-05,1,162.82,0.1
1088,114,20,2025-01-16,1,118.18,0.1
1089,166,6,2025-06-30,2,247.91,0.15
1090,90,12,2025-03-20,1,182.48,0.0
1091,176,12,2025-04-06,1,164.23,0.1
1092,224,6,2025-05-02,2,277.08,0.05
1093,163,2,2025-08-18,3,175.86,0.0
1094,210,16,2025-04-06,3,312.33,0.05
1095,86,11,2025-07-03,1,72.11,0.05
1096,92,6,2025-05-13,1,116.66,0.2
1097,221,16,2025-02-15,3,328.77,0.0
1098,276,19,2025-02-08,2,302.57,0.05
1099,104,1,2025-05-03,3,235.55,0.05
1100,242,7,2025-04-23,3,298.11,0.0
1101,46,24,2025-05-15,3,188.41,0.05
1102,131,27,2025-07-31,1,182.89,0.2
1103,128,12,2025-06-07,1,155.11,0.15
1104,45,12,2025-08-07,1,182.48,0.0
1105,177,4,2025-07-10,1,35.0,0.0
1106,190,15,2025-05-25,3,579.58,0.1
1107,40,19,2025-03-23,2,302.57,0.05
1108,83,15,2025-09-19,1,203.93,0.05
1109,171,7,2025-06-26,1,94.4,0.05
1110,138,7,2025-05-09,1,79.5,0.2
1111,293,20,2025-01-24,1,131.31,0.0
1112,234,17,2025-04-03,3,578.52,0.05
1113,280,11,2025-01-12,1,68.32,0.1
1114,228,28,2025-05-21,1,209.68,0.1
1115,80,1,2025-06-08,2,165.3,0.0
1116,31,2,2025-01-15,1,58.62,0.0
1117,196,11,2025-01-29,1,60.73,0.2
1118,77,5,2025-03-22,2,316.48,0.0
1119,19,7,2025-04-12,2,168.93,0.15
1120,297,30,2025-07-22,3,89.22,0.0
1121,71,25,2025-04-13,1,87.96,0.1
1122,157,11,2025-07-13,1,72.11,0.05
1123,113,25,2025-06-14,2,195.46,0.0
1124,153,1,2025-05-07,1,78.52,0.05
1125,18,10,2025-04-02,1,43.58,0.0
1126,52,3,2025-07-25,1,197.99,0.05
1127,93,4,2025-05-25,3,99.75,0.05
1128,2,23,2025-09-17,2,325.64,0.1
1129,149,13,2025-04-28,2,285.78,0.0
1130,154,23,2025-06-16,2,343.73,0.05
1131,56,4,2025-05-29,3,94.5,0.1
1132,272,24,2025-08-08,1,56.19,0.15
1133,66,15,2025-03-27,2,407.85,0.05
1134,150,14,2025-04-23,1,47.27,0.1
1135,218,13,2025-06-01,1,142.89,0.0
1136,94,3,2025-02-17,3,625.23,0.0
1137,172,29,2025-06-26,2,122.26,0.05
1138,203,25,2025-05-01,1,97.73,0.0
1139,216,12,2025-02-12,1,164.23,0.1
1140,237,5,2025-05-14,1,158.24,0.0
1141,22,9,2025-03-29,1,190.95,0.0
1142,51,24,2025-06-25,3,198.33,0.0
1143,246,3,2025-04-16,1,187.57,0.1
1144,36,26,2025-07-23,3,246.7,0.1
1145,170,18,2025-02-08,1,174.92,0.1
1146,287,1,2025-05-21,1,70.25,0.15
1147,184,24,2025-07-20,2,132.22,0.0
1148,188,2,2025-08-18,1,55.69,0.05
1149,198,3,2025-02-25,1,208.41,0.0
1150,116,28,2025-05-18,3,629.05,0.1
1151,50,18,2025-03-12,1,194.36,0.0
1152,105,24,2025-01-02,2,132.22,0.0
1153,154,7,2025-04-04,1,89.43,0.1
1154,65,2,2025-09-14,1,58.62,0.0
1155,148,29,2025-05-29,2,128.7,0.0
1156,278,20,2025-03-23,1,131.31,0.0
1157,280,14,2025-07-22,2,105.04,0.0
1158,208,24,2025-07-24,3,188.41,0.05
1159,238,1,2025-03-16,1,82.65,0.0
1160,29,5,2025-07-05,3,474.72,0.0
1161,285,11,2025-05-18,1,68.32,0.1
1162,204,15,2025-02-11,3,643.98,0.0
1163,26,19,2025-02-25,2,286.65,0.1
1164,130,17,2025-06-07,2,405.98,0.0
1165,22,2,2025-04-20,1,52.76,0.1
1166,53,19,2025-06-17,2,318.5,0.0
1167,105,22,2025-05-26,2,112.34,0.0
1168,167,9,2025-05-14,1,171.85,0.1
1169,239,7,2025-02-06,1,89.43,0.1
1170,125,17,2025-07-11,1,182.69,0.1
1171,161,2,2025-08-27,2,117.24,0.0
1172,202,24,2025-05-12,2,125.61,0.05
1173,89,13,2025-09-10,1,142.89,0.0
1174,176,1,2025-02-27,1,74.39,0.1
1175,35,25,2025-05-05,1,78.18,0.2
1176,85,9,2025-07-07,1,190.95,0.0
1177,105,26,2025-02-10,2,182.74,0.0
1178,105,6,2025-06-11,1,145.83,0.0
1179,225,19,2025-07-07,3,477.75,0.0
1180,169,30,2025-01-14,2,59.48,0.0
1181,8,26,2025-02-05,2,155.33,0.15
1182,208,22,2025-07-23,1,56.17,0.0
1183,101,29,2025-05-07,1,61.13,0.05
1184,167,18,2025-09-14,2,369.28,0.05
1185,188,29,2025-05-18,1,54.7,0.15
1186,110,16,2025-02-02,1,109.59,0.0
1187,266,22,2025-03-06,2,112.34,0.0
1188,80,15,2025-08-29,2,343.46,0.2
1189,109,11,2025-05-25,1,75.91,0.0
1190,139,28,2025-04-09,2,465.96,0.0
1191,287,17,2025-01-10,2,385.68,0.05
1192,197,6,2025-01-30,1,131.25,0.1
1193,48,9,2025-05-10,2,381.9,0.0
1194,54,26,2025-09-22,3,260.4,0.05
1195,290,11,2025-03-15,3,204.96,0.1
1196,242,2,2025-07-13,1,58.62,0.0
1197,1,21,2025-03-13,1,235.6,0.0
1198,53,12,2025-01-08,1,155.11,0.15
1199,114,19,2025-06-15,1,143.33,0.1
1200,299,20,2025-06-27,1,118.18,0.1
1201,201,14,2025-04-25,1,52.52,0.0
1202,196,26,2025-04-21,1,82.23,0.1
1203,179,17,2025-06-02,1,192.84,0.05
1204,154,24,2025-01-19,1,66.11,0.0
1205,23,15,2025-01-13,1,214.66,0.0
1206,144,9,2025-06-05,2,362.8,0.05
1207,287,21,2025-07-01,1,200.26,0.15
1208,297,16,2025-08-18,3,295.89,0.1
1209,156,5,2025-04-15,1,158.24,0.0
1210,132,3,2025-05-18,1,177.15,0.15
1211,45,17,2025-06-12,1,182.69,0.1
1212,169,3,2025-01-20,3,593.97,0.05
1213,31,26,2025-04-14,1,82.23,0.1
1214,210,30,2025-09-10,1,25.28,0.15
1215,136,3,2025-08-24,3,625.23,0.0
1216,142,19,2025-01-09,3,406.09,0.15
1217,165,11,2025-02-22,3,227.73,0.0
1218,136,4,2025-06-04,2,66.5,0.05
1219,47,30,2025-02-17,1,29.74,0.0
1220,139,13,2025-03-14,2,271.49,0.05
1221,77,16,2025-09-13,1,109.59,0.0
1222,39,28,2025-03-29,1,232.98,0.0
1223,77,26,2025-01-28,2,182.74,0.0
1224,205,26,2025-07-20,1,86.8,0.05
1225,84,15,2025-02-02,1,182.46,0.15
1226,141,30,2025-09-08,1,29.74,0.0
1227,43,8,2025-09-01,1,88.13,0.05
1228,84,16,2025-02-28,2,219.18,0.0
1229,49,19,2025-09-03,1,127.4,0.2
1230,15,18,2025-09-12,2,388.72,0.0
1231,206,30,2025-08-13,2,53.53,0.1
1232,199,15,2025-08-22,3,611.78,0.05
1233,249,22,2025-03-16,2,101.11,0.1
1234,52,22,2025-03-29,1,50.55,0.1
1235,150,20,2025-02-02,1,111.61,0.15
1236,133,23,2025-03-02,1,162.82,0.1
1237,246,16,2025-04-26,2,219.18,0.0
1238,150,3,2025-04-12,3,531.45,0.15
1239,210,15,2025-03-08,1,214.66,0.0
1240,111,1,2025-08-07,1,82.65,0.0
1241,113,5,2025-03-12,1,158.24,0.0
1242,271,3,2025-04-21,2,416.82,0.0
1243,158,20,2025-05-11,1,118.18,0.1
1244,167,26,2025-05-10,1,77.66,0.15
1245,9,13,2025-02-21,1,135.75,0.05
1246,193,18,2025-07-10,1,174.92,0.1
1247,168,23,2025-04-19,1,162.82,0.1
1248,196,1,2025-06-01,2,165.3,0.0
1249,105,10,2025-05-28,3,124.2,0.05
1250,140,30,2025-04-04,2,59.48,0.0
1251,63,20,2025-01-25,2,249.49,0.05
1252,11,9,2025-05-06,1,162.31,0.15
1253,89,3,2025-04-26,1,187.57,0.1
1254,209,25,2025-04-15,1,92.84,0.05
1255,9,22,2025-04-04,1,47.74,0.15
1256,14,14,2025-09-14,1,44.64,0.15
1257,207,26,2025-06-21,3,260.4,0.05
1258,111,23,2025-03-13,1,180.91,0.0
1259,74,3,2025-08-03,1,208.41,0.0
1260,23,4,2025-04-03,1,35.0,0.0
1261,63,1,2025-04-13,2,165.3,0.0
1262,194,28,2025-06-01,2,419.36,0.1
1263,187,22,2025-01-15,1,56.17,0.0
1264,73,20,2025-05-08,2,249.49,0.05
1265,138,5,2025-09-11,2,316.48,0.0
1266,294,7,2025-08-29,3,298.11,0.0
1267,53,14,2025-02-23,2,105.04,0.0
1268,135,26,2025-04-15,1,86.8,0.05
1269,253,7,2025-06-05,3,298.11,0.0
1270,67,18,2025-08-01,2,349.85,0.1
1271,239,9,2025-08-19,1,171.85,0.1
1272,279,13,2025-06-17,2,257.2,0.1
1273,218,30,2025-06-10,3,89.22,0.0
1274,62,18,2025-08-30,1,184.64,0.05
1275,30,7,2025-03-27,1,84.46,0.15
1276,265,7,2025-09-26,1,84.46,0.15
1277,277,20,2025-06-12,3,374.23,0.05
1278,288,20,2025-03-24,1,131.31,0.0
1279,118,2,2025-07-11,3,167.07,0.05
1280,271,6,2025-09-01,1,138.54,0.05
1281,26,18,2025-04-02,2,349.85,0.1
1282,73,27,2025-07-03,1,217.18,0.05
1283,186,24,2025-09-10,2,119.0,0.1
1284,51,19,2025-05-29,1,159.25,0.0
1285,280,26,2025-06-22,2,164.47,0.1
1286,82,12,2025-03-09,2,364.96,0.0
1287,123,29,2025-07-15,1,61.13,0.05
1288,111,2,2025-03-30,1,58.62,0.0
1289,200,3,2025-01-27,1,187.57,0.1
1290,257,29,2025-08-28,1,61.13,0.05
1291,297,5,2025-01-08,3,403.51,0.15
1292,56,15,2025-05-18,3,643.98,0.0
1293,169,19,2025-09-18,1,159.25,0.0
1294,250,7,2025-01-23,2,188.8,0.05
1295,38,9,2025-07-22,2,343.71,0.1
1296,244,7,2025-02-16,1,79.5,0.2
1297,13,11,2025-03-31,3,227.73,0.0
1298,221,9,2025-08-22,2,362.8,0.05
1299,274,11,2025-07-27,1,75.91,0.0
1300,124,10,2025-07-06,2,82.8,0.05
1301,270,26,2025-08-05,1,82.23,0.1
1302,199,4,2025-04-24,1,31.5,0.1
1303,222,27,2025-06-16,1,228.61,0.0
1304,4,29,2025-09-06,1,54.7,0.15
1305,74,27,2025-03-03,1,228.61,0.0
1306,111,26,2025-08-28,2,182.74,0.0
1307,139,11,2025-03-11,1,68.32,0.1
1308,205,22,2025-02-25,3,168.51,0.0
1309,128,15,2025-08-14,1,214.66,0.0
1310,60,13,2025-09-14,1,135.75,0.05
1311,38,25,2025-02-28,2,185.69,0.05
1312,297,30,2025-02-26,1,25.28,0.15
1313,56,1,2025-09-25,2,132.24,0.2
1314,89,1,2025-09-14,1,66.12,0.2
1315,49,19,2025-01-02,1,159.25,0.0
1316,61,17,2025-02-18,2,405.98,0.0
1317,131,11,2025-02-26,1,68.32,0.1
1318,178,5,2025-02-15,1,150.33,0.05
1319,139,23,2025-05-28,3,488.46,0.1
1320,192,22,2025-03-21,3,168.51,0.0
1321,88,24,2025-07-20,3,198.33,0.0
1322,89,28,2025-03-02,3,629.05,0.1
1323,214,10,2025-03-02,1,43.58,0.0
1324,12,14,2025-02-01,1,52.52,0.0
1325,227,21,2025-02-15,2,471.2,0.0
1326,135,4,2025-09-04,1,33.25,0.05
1327,112,20,2025-04-29,1,124.74,0.05
1328,227,9,2025-04-27,1,171.85,0.1
1329,283,5,2025-04-23,1,150.33,0.05
1330,228,19,2025-05-02,1,135.36,0.15
1331,150,23,2025-02-27,2,343.73,0.05
1332,168,6,2025-03-26,2,247.91,0.15
1333,189,16,2025-01-02,1,104.11,0.05
1334,126,10,2025-07-24,1,43.58,0.0
1335,195,30,2025-05-21,1,26.77,0.1
1336,54,8,2025-03-02,1,83.49,0.1
1337,203,1,2025-03-21,1,82.65,0.0
1338,287,29,2025-06-25,3,183.4,0.05
1339,206,28,2025-04-17,1,232.98,0.0
1340,134,11,2025-02-19,1,68.32,0.1
1341,23,22,2025-09-11,2,106.72,0.05
1342,59,4,2025-09-16,1,35.0,0.0
1343,57,17,2025-03-31,2,405.98,0.0
1344,257,21,2025-01-21,2,447.64,0.05
1345,67,29,2025-04-23,2,128.7,0.0
1346,232,15,2025-03-09,1,193.19,0.1
1347,116,19,2025-06-30,2,302.57,0.05
1348,108,3,2025-03-15,1,187.57,0.1
1349,274,1,2025-07-05,1,82.65,0.0
1350,131,3,2025-03-30,1,208.41,0.0
1351,241,14,2025-08-07,1,52.52,0.0
1352,233,23,2025-08-17,1,180.91,0.0
1353,282,9,2025-05-02,1,171.85,0.1
1354,267,9,2025-01-29,2,305.52,0.2
1355,244,29,2025-05-27,3,183.4,0.05
1356,142,12,2025-05-24,1,182.48,0.0
1357,55,19,2025-06-10,2,318.5,0.0
1358,159,16,2025-01-31,1,104.11,0.05
1359,205,20,2025-05-18,1,124.74,0.05
1360,77,3,2025-07-06,1,208.41,0.0
1361,87,13,2025-08-13,1,142.89,0.0
1362,69,24,2025-03-08,2,119.0,0.1
1363,191,22,2025-07-08,3,168.51,0.0
1364,96,24,2025-09-20,1,56.19,0.15
1365,125,8,2025-05-12,1,74.22,0.2
1366,121,5,2025-05-02,1,142.42,0.1
1367,39,22,2025-06-10,1,56.17,0.0
1368,16,21,2025-06-22,1,223.82,0.05
1369,62,20,2025-02-11,2,236.36,0.1
1370,131,28,2025-04-25,1,221.33,0.05
1371,179,16,2025-08-30,3,295.89,0.1
1372,226,1,2025-08-30,1,78.52,0.05
1373,199,16,2025-05-07,2,219.18,0.0
1374,203,1,2025-03-26,2,148.77,0.1
1375,9,25,2025-09-15,1,92.84,0.05
1376,233,10,2025-08-09,3,124.2,0.05
1377,89,6,2025-07-15,3,415.62,0.05
1378,87,19,2025-06-03,2,270.72,0.15
1379,223,5,2025-05-01,1,150.33,0.05
1380,4,22,2025-05-08,1,50.55,0.1
1381,110,3,2025-02-06,1,208.41,0.0
1382,268,11,2025-02-01,1,68.32,0.1
1383,19,20,2025-07-03,3,354.54,0.1
1384,80,30,2025-03-09,1,25.28,0.15
1385,59,20,2025-04-07,1,131.31,0.0
1386,265,9,2025-01-08,1,171.85,0.1
1387,33,1,2025-07-23,3,210.76,0.15
1388,5,27,2025-03-21,1,182.89,0.2
1389,136,3,2025-01-25,1,208.41,0.0
1390,168,19,2025-06-27,2,318.5,0.0
1391,111,18,2025-08-19,3,524.77,0.1
1392,235,21,2025-06-09,3,671.46,0.05
1393,29,16,2025-03-17,1,93.15,0.15
1394,269,8,2025-07-03,2,185.54,0.0
1395,259,3,2025-02-02,1,187.57,0.1
1396,210,18,2025-01-29,1,184.64,0.05
1397,17,24,2025-08-14,3,158.66,0.2
1398,142,3,2025-01-23,3,625.23,0.0
1399,54,10,2025-02-10,1,43.58,0.0
1400,229,29,2025-03-27,1,61.13,0.05
1401,100,17,2025-07-20,2,385.68,0.05
1402,178,21,2025-05-03,3,671.46,0.05
1403,136,27,2025-07-12,1,228.61,0.0
1404,95,29,2025-02-10,1,54.7,0.15
1405,216,5,2025-03-10,1,158.24,0.0
1406,262,25,2025-07-27,2,175.91,0.1
1407,293,15,2025-03-18,2,429.32,0.0
1408,200,11,2025-07-29,2,144.23,0.05
1409,157,5,2025-03-18,1,158.24,0.0
1410,131,3,2025-08-16,1,197.99,0.05
1411,195,29,2025-01-30,1,57.91,0.1
1412,296,1,2025-08-08,1,82.65,0.0
1413,259,4,2025-05-23,1,31.5,0.1
1414,115,13,2025-03-31,2,285.78,0.0
1415,77,1,2025-01-05,2,165.3,0.0
1416,87,14,2025-04-14,2,94.54,0.1
1417,175,22,2025-07-30,1,56.17,0.0
1418,206,23,2025-04-22,2,361.82,0.0
1419,70,26,2025-07-08,2,182.74,0.0
1420,124,19,2025-09-14,3,453.86,0.05
1421,40,6,2025-02-17,1,131.25,0.1
1422,107,28,2025-09-21,3,698.94,0.0
1423,137,26,2025-04-05,3,260.4,0.05
1424,90,27,2025-01-28,3,685.83,0.0
1425,300,5,2025-02-25,1,142.42,0.1
1426,179,18,2025-07-08,1,165.21,0.15
1427,249,12,2025-05-17,2,364.96,0.0
1428,294,1,2025-06-19,2,148.77,0.1
1429,18,6,2025-04-26,2,291.66,0.0
1430,188,29,2025-02-26,1,61.13,0.05
1431,55,19,2025-09-26,3,453.86,0.05
1432,22,1,2025-02-17,2,165.3,0.0
1433,202,19,2025-04-11,3,406.09,0.15
1434,141,10,2025-03-07,3,130.74,0.0
1435,281,12,2025-02-09,3,547.44,0.0
1436,86,13,2025-09-10,2,271.49,0.05
1437,33,4,2025-08-22,1,29.75,0.15
1438,227,28,2025-03-11,3,698.94,0.0
1439,254,1,2025-05-24,2,132.24,0.2
1440,175,12,2025-06-08,2,364.96,0.0
1441,18,12,2025-06-04,1,182.48,0.0
1442,231,17,2025-08-13,1,202.99,0.0
1443,59,28,2025-08-23,1,221.33,0.05
1444,18,17,2025-08-14,1,192.84,0.05
1445,76,3,2025-09-24,2,416.82,0.0
1446,25,16,2025-06-09,2,219.18,0.0
1447,166,21,2025-07-10,1,235.6,0.0
1448,86,30,2025-07-25,1,28.25,0.05
1449,250,13,2025-06-12,1,135.75,0.05
1450,111,13,2025-09-13,1,121.46,0.15
1451,146,7,2025-06-13,1,99.37,0.0
1452,233,7,2025-03-01,1,94.4,0.05
1453,194,10,2025-07-02,2,78.44,0.1
1454,107,23,2025-08-11,1,180.91,0.0
1455,185,6,2025-08-08,2,291.66,0.0
1456,146,4,2025-05-07,1,35.0,0.0
1457,264,11,2025-05-15,1,75.91,0.0
1458,194,15,2025-04-20,2,386.39,0.1
1459,4,25,2025-09-01,3,293.19,0.0
1460,17,24,2025-04-02,1,66.11,0.0
1461,207,11,2025-05-26,2,151.82,0.0
1462,241,9,2025-09-04,1,190.95,0.0
1463,35,28,2025-01-21,2,465.96,0.0
1464,97,19,2025-02-24,2,302.57,0.05
1465,193,19,2025-03-29,1,143.33,0.1
1466,92,15,2025-08-23,3,579.58,0.1
1467,15,1,2025-05-15,1,78.52,0.05
1468,201,29,2025-01-26,2,128.7,0.0
1469,244,6,2025-02-20,1,145.83,0.0
1470,129,18,2025-06-04,2,349.85,0.1
1471,142,4,2025-07-16,2,56.0,0.2
1472,79,6,2025-06-10,1,138.54,0.05
1473,29,29,2025-07-26,1,61.13,0.05
1474,236,13,2025-06-07,2,257.2,0.1
1475,157,2,2025-06-13,1,58.62,0.0
1476,38,3,2025-09-12,1,177.15,0.15
1477,171,26,2025-07-09,2,182.74,0.0
1478,244,7,2025-05-08,2,198.74,0.0
1479,55,29,2025-06-07,2,128.7,0.0
1480,154,5,2025-08-10,1,158.24,0.0
1481,259,27,2025-05-02,1,194.32,0.15
1482,49,25,2025-03-18,3,293.19,0.0
1483,221,3,2025-04-01,1,208.41,0.0
1484,269,29,2025-06-12,2,115.83,0.1
1485,285,9,2025-05-29,2,362.8,0.05
1486,178,9,2025-07-13,1,181.4,0.05
1487,196,23,2025-09-06,1,180.91,0.0
1488,158,18,2025-05-19,2,310.98,0.2
1489,249,23,2025-01-02,1,180.91,0.0
1490,78,4,2025-08-29,2,70.0,0.0
1491,236,22,2025-05-08,1,50.55,0.1
1492,138,12,2025-01-21,1,173.36,0.05
1493,131,20,2025-01-29,1,131.31,0.0
1494,162,5,2025-03-02,2,300.66,0.05
1495,243,10,2025-09-06,2,74.09,0.15
1496,21,14,2025-03-23,3,157.56,0.0
1497,12,7,2025-05-25,1,99.37,0.0
1498,114,26,2025-02-02,3,246.7,0.1
1499,95,3,2025-07-12,2,416.82,0.0
1500,249,19,2025-01-25,1,127.4,0.2
1501,12,13,2025-04-02,1,142.89,0.0
1502,136,4,2025-05-13,1,35.0,0.0
1503,295,23,2025-06-29,2,307.55,0.15
1504,251,21,2025-04-15,1,223.82,0.05
1505,49,16,2025-05-25,2,208.22,0.05
1506,75,2,2025-03-07,2,117.24,0.0
1507,41,22,2025-07-05,1,50.55,0.1
1508,266,15,2025-02-11,2,343.46,0.2
1509,17,28,2025-09-22,1,232.98,0.0
1510,292,16,2025-04-07,3,328.77,0.0
1511,68,22,2025-03-18,2,106.72,0.05
1512,262,26,2025-09-16,2,182.74,0.0
1513,188,30,2025-08-23,1,23.79,0.2
1514,72,11,2025-06-05,1,75.91,0.0
1515,228,2,2025-09-02,1,55.69,0.05
1516,16,22,2025-02-11,1,53.36,0.05
1517,19,2,2025-06-16,1,58.62,0.0
1518,112,18,2025-03-26,1,155.49,0.2
1519,281,30,2025-05-03,1,25.28,0.15
1520,100,19,2025-07-23,1,151.29,0.05
1521,197,20,2025-05-13,1,131.31,0.0
1522,265,29,2025-05-30,1,64.35,0.0
1523,125,10,2025-03-02,1,43.58,0.0
1524,113,5,2025-07-10,1,134.5,0.15
1525,89,27,2025-05-12,1,194.32,0.15
1526,179,20,2025-04-09,1,111.61,0.15
1527,70,11,2025-02-28,2,144.23,0.05
1528,95,17,2025-03-22,3,608.97,0.0
1529,183,19,2025-03-09,2,286.65,0.1
1530,119,28,2025-05-14,1,232.98,0.0
1531,51,11,2025-06-24,1,75.91,0.0
1532,93,21,2025-09-25,1,223.82,0.05
1533,17,29,2025-05-02,2,128.7,0.0
1534,273,18,2025-07-29,3,583.08,0.0
1535,200,24,2025-07-24,2,119.0,0.1
1536,80,11,2025-02-04,1,64.52,0.15
1537,13,10,2025-08-17,1,43.58,0.0
1538,1,25,2025-02-03,1,87.96,0.1
1539,263,24,2025-03-21,2,112.39,0.15
1540,12,17,2025-07-31,1,192.84,0.05
1541,239,12,2025-02-27,2,364.96,0.0
1542,263,13,2025-02-04,1,142.89,0.0
1543,25,10,2025-02-28,1,39.22,0.1
1544,251,6,2025-06-29,2,277.08,0.05
1545,253,29,2025-09-13,3,193.05,0.0
1546,59,30,2025-03-10,3,84.76,0.05
1547,274,3,2025-03-22,1,187.57,0.1
1548,280,2,2025-02-23,2,117.24,0.0
1549,293,5,2025-06-29,2,284.83,0.1
1550,222,18,2025-09-01,2,388.72,0.0
1551,154,16,2025-05-15,1,109.59,0.0
1552,56,30,2025-06-08,1,26.77,0.1
1553,176,12,2025-07-30,1,164.23,0.1
1554,233,7,2025-07-01,1,99.37,0.0
1555,29,10,2025-04-03,1,41.4,0.05
1556,211,24,2025-04-05,1,66.11,0.0
1557,265,7,2025-05-24,1,99.37,0.0
1558,114,19,2025-05-19,2,318.5,0.0
1559,250,10,2025-01-13,2,82.8,0.05
1560,20,18,2025-06-13,2,388.72,0.0
1561,37,29,2025-09-09,2,109.39,0.15
1562,168,22,2025-06-27,1,56.17,0.0
1563,106,9,2025-07-09,3,572.85,0.0
1564,257,12,2025-05-30,3,437.95,0.2
1565,208,19,2025-07-14,1,127.4,0.2
1566,154,13,2025-05-26,1,142.89,0.0
1567,89,27,2025-02-27,2,457.22,0.0
1568,280,8,2025-01-09,3,250.48,0.1
1569,152,12,2025-02-09,3,547.44,0.0
1570,69,14,2025-09-02,2,99.79,0.05
1571,189,4,2025-03-13,1,35.0,0.0
1572,57,26,2025-04-17,2,182.74,0.0
1573,247,26,2025-01-31,3,274.11,0.0
1574,108,21,2025-06-20,2,400.52,0.15
1575,256,17,2025-09-25,3,608.97,0.0
1576,41,21,2025-06-06,3,671.46,0.05
1577,249,24,2025-03-21,3,188.41,0.05
1578,166,9,2025-03-12,3,572.85,0.0
1579,221,20,2025-07-04,1,124.74,0.05
1580,158,2,2025-02-11,1,58.62,0.0
1581,227,7,2025-03-13,1,94.4,0.05
1582,45,24,2025-05-20,1,66.11,0.0
1583,92,22,2025-06-21,2,112.34,0.0
1584,281,12,2025-06-28,3,520.07,0.05
1585,280,19,2025-03-24,2,318.5,0.0
1586,112,27,2025-06-13,3,685.83,0.0
1587,221,24,2025-07-10,2,125.61,0.05
1588,170,23,2025-02-14,2,343.73,0.05
1589,231,29,2025-05-14,2,128.7,0.0
1590,38,27,2025-07-15,1,182.89,0.2
1591,35,23,2025-08-07,2,289.46,0.2
1592,252,8,2025-09-13,1,83.49,0.1
1593,131,5,2025-05-22,2,316.48,0.0
1594,111,6,2025-05-03,1,145.83,0.0
1595,51,27,2025-01-05,2,457.22,0.0
1596,257,13,2025-09-12,3,407.24,0.05
1597,8,25,2025-02-01,2,195.46,0.0
1598,228,27,2025-07-31,3,617.25,0.1
1599,45,9,2025-08-22,2,362.8,0.05
1600,225,14,2025-05-22,3,157.56,0.0
